City_ID,City,Lat,Lng,Max Temp,Humidity,Cloudiness,Wind Speed,Country,Date
0,bethel,41.3712,-73.414,39.29,87,100,11.5,US,2025-04-12
1,vinh,18.6667,105.6667,66.97,88,100,5.68,VN,2025-04-12
2,stanley,54.868,-1.6985,57.52,61,0,5.75,GB,2025-04-12
3,afaahiti,-17.75,-149.2833,77.47,77,56,2.26,PF,2025-04-12
4,grytviken,-54.2811,-36.5092,45.91,84,63,16.75,GS,2025-04-12
5,anadyr,64.75,177.4833,-3.5,77,0,8.95,RU,2025-04-13
6,jamestown,42.097,-79.2353,42.42,91,100,9.22,US,2025-04-12
7,edinburgh of the seven seas,-37.0676,-12.3116,56.88,65,9,12.57,SH,2025-04-12
8,klyuchi,52.2667,79.1667,60.39,37,100,6.02,RU,2025-04-12
9,port-aux-francais,-49.35,70.2167,43.47,78,86,34.56,TF,2025-04-12
10,kroya,-7.6331,109.2461,78.44,95,82,4.99,ID,2025-04-12
11,nova sintra,14.8667,-24.7167,71.83,79,23,20.4,CV,2025-04-12
12,waitangi,-43.9535,-176.5597,56.82,90,51,1.99,NZ,2025-04-13
13,kuta,-8.7233,115.1723,80.55,94,40,4.61,ID,2025-04-12
14,pisco,-13.7,-76.2167,73.45,68,0,9.22,PE,2025-04-12
15,margaret river,-33.95,115.0667,62.8,78,100,12.93,AU,2025-04-12
16,hamilton,39.1834,-84.5333,59.76,39,75,13.8,US,2025-04-12
17,hammerfest,70.6634,23.6821,27.05,93,75,13.8,NO,2025-04-12
18,thompson,55.7435,-97.8558,28.56,86,100,10.36,CA,2025-04-12
19,wailua homesteads,22.0669,-159.378,77.79,85,40,10.36,US,2025-04-12
20,isafjordur,66.0755,-23.124,32.59,75,54,14.25,IS,2025-04-12
21,bilibino,68.0546,166.4372,6.76,72,100,2.24,RU,2025-04-13
22,blackmans bay,-43.0167,147.3167,53.73,93,78,4.29,AU,2025-04-13
23,ilulissat,69.2167,-51.1,26.62,59,75,4.61,GL,2025-04-12
24,adamstown,-25.066,-130.1015,75.52,66,100,11.88,PN,2025-04-12
25,lebu,-37.6167,-73.65,56.75,70,100,12.64,CL,2025-04-12
26,aoulef,26.9667,1.0833,93.11,8,100,7.07,DZ,2025-04-12
27,vorgashor,67.5833,63.95,11.57,90,100,12.24,RU,2025-04-12
28,avarua,-21.2078,-159.775,82.45,69,40,6.91,CK,2025-04-12
29,vilyuchinsk,52.9306,158.4028,34.07,85,100,9.24,RU,2025-04-13
30,yichang,30.7144,111.2847,54.66,49,100,3.18,CN,2025-04-12
31,ribeira grande,38.5167,-28.7,62.78,77,20,5.75,PT,2025-04-12
32,flin flon,54.7682,-101.865,48.04,61,75,11.5,CA,2025-04-12
33,santa ana,33.7456,-117.8678,76.44,58,0,5.75,US,2025-04-12
34,albany,42.6001,-73.9662,41.81,92,100,3.0,US,2025-04-12
35,christchurch,-43.5333,172.6333,51.94,87,8,10.36,NZ,2025-04-13
36,akureyri,65.6835,-18.0878,42.73,65,75,11.5,IS,2025-04-12
37,lukolela,-1.0605,17.1821,73.62,71,83,1.57,CD,2025-04-12
38,mukalla,14.5425,49.1242,78.85,84,23,9.66,YE,2025-04-12
39,la ronge,55.1001,-105.2842,50.25,50,40,10.36,CA,2025-04-12
40,lobujya,27.95,86.8167,7.3,76,4,3.18,NP,2025-04-12
41,soe,-9.8607,124.284,65.39,94,100,2.68,ID,2025-04-12
42,severo-vostotchnyi bank,39.4112,49.2479,51.69,81,3,7.49,AZ,2025-04-12
43,iqaluit,63.7506,-68.5145,24.53,68,100,9.22,CA,2025-04-12
44,arno,60.1167,18.6333,42.71,62,4,8.79,SE,2025-04-12
45,kupang,-10.1667,123.5833,73.98,100,100,0.0,ID,2025-04-12
46,lazaro cardenas,17.9583,-102.2,84.52,41,2,10.98,MX,2025-04-12
47,la passe,45.5549,-0.8967,55.53,89,100,12.33,FR,2025-04-12
48,invercargill,-46.4,168.35,42.03,94,100,4.0,NZ,2025-04-13
49,vadso,70.0744,29.7487,22.23,68,0,8.01,NO,2025-04-12
50,puerto natales,-51.7236,-72.4875,48.65,46,20,17.27,CL,2025-04-12
51,rio grande,-32.035,-52.0986,74.25,85,100,11.61,BR,2025-04-12
52,punta arenas,-53.15,-70.9167,48.31,46,0,20.71,CL,2025-04-12
53,badger,64.8,-147.5333,36.0,75,0,4.61,US,2025-04-12
54,aberglasslyn,-32.7,151.5333,67.55,95,90,2.71,AU,2025-04-13
55,chinchilla,-26.75,150.6333,62.02,98,2,9.95,AU,2025-04-13
56,port augusta,-32.5,137.7667,70.18,41,0,3.98,AU,2025-04-13
57,sinabang,2.4803,96.3801,80.01,87,100,6.82,ID,2025-04-12
58,kiunga,-6.1219,141.2906,72.05,99,100,1.43,PG,2025-04-13
59,st. john's,47.5649,-52.7093,49.39,30,20,5.75,CA,2025-04-12
60,port mathurin,-19.6833,63.4167,80.78,74,18,20.6,MU,2025-04-12
61,fortuna,40.5982,-124.1573,58.35,67,75,18.41,US,2025-04-12
62,tazovsky,67.4667,78.7,11.8,93,61,9.1,RU,2025-04-12
63,viana do castelo,41.6932,-8.8329,58.32,93,100,8.25,PT,2025-04-12
64,mishkino,55.3389,63.9175,34.77,83,10,8.01,RU,2025-04-12
65,fisterra,42.9049,-9.2629,57.24,89,100,12.62,ES,2025-04-12
66,rusape,-18.5278,32.1284,58.23,93,25,3.31,ZW,2025-04-12
67,whitehorse,60.7161,-135.0538,39.09,45,75,9.22,CA,2025-04-12
68,prabumulih,-3.45,104.25,73.72,100,100,2.77,ID,2025-04-12
69,naxos,37.1056,25.3764,60.3,37,11,15.01,GR,2025-04-12
70,constantia,44.1833,28.65,38.08,80,6,5.77,RO,2025-04-12
71,puerto ayora,-0.7393,-90.3518,82.54,90,49,5.01,EC,2025-04-12
72,nguigmi,14.2495,13.1092,82.11,12,100,12.62,NE,2025-04-12
73,mega,4.05,38.3,63.18,81,100,5.44,ET,2025-04-12
74,kargil,34.5667,76.1,27.97,70,4,3.27,IN,2025-04-12
75,hawaiian paradise park,19.5933,-154.9731,78.31,72,20,1.99,US,2025-04-12
76,genhe,50.7833,121.5167,21.18,61,88,7.18,CN,2025-04-12
77,rabo de peixe,37.8,-25.5833,58.51,77,20,11.5,PT,2025-04-12
78,ryotsu-minato,38.0833,138.4333,51.22,81,100,3.13,JP,2025-04-13
79,kristiansund,63.1115,7.732,43.45,87,75,3.44,NO,2025-04-12
80,port hedland,-20.3167,118.5667,77.05,57,21,6.91,AU,2025-04-12
81,antalaha,-14.9003,50.2788,75.9,91,39,5.53,MG,2025-04-12
82,ushuaia,-54.8,-68.3,38.86,75,75,25.32,AR,2025-04-12
83,west island,-12.1568,96.8225,80.58,94,20,8.05,CC,2025-04-12
84,port lincoln,-34.7333,135.8667,71.56,51,6,9.37,AU,2025-04-13
85,yellowknife,62.456,-114.3525,32.41,89,100,8.05,CA,2025-04-12
86,manakara,-22.1333,48.0167,76.87,91,98,5.59,MG,2025-04-12
87,ubinskoye,55.3068,79.6802,46.38,81,99,10.83,RU,2025-04-12
88,poyarkovo,49.6,128.6833,37.11,92,100,4.7,RU,2025-04-13
89,tadine,-21.55,167.8833,77.43,91,66,11.01,NC,2025-04-13
90,xilin hot,43.9667,116.0333,24.3,53,100,24.79,CN,2025-04-12
91,hermanus,-34.4187,19.2345,58.8,80,100,6.44,ZA,2025-04-12
92,olyokminsk,60.3736,120.4264,16.93,89,95,3.49,RU,2025-04-13
93,saipan,15.1355,145.701,77.7,93,100,3.44,MP,2025-04-13
94,grand-lahou,5.1367,-5.0242,80.73,85,95,8.52,CI,2025-04-12
95,taoudenni,22.6783,-3.9836,96.49,9,100,16.84,ML,2025-04-12
96,urzhar,47.093,81.6294,59.58,22,0,7.76,KZ,2025-04-12
97,port alfred,-33.5906,26.891,63.18,85,100,9.33,ZA,2025-04-12
98,longyearbyen,78.2186,15.6401,8.44,85,75,6.91,SJ,2025-04-12
99,uturoa,-16.7333,-151.4333,81.07,73,100,3.67,PF,2025-04-12
100,kuna,43.4918,-116.4201,58.44,44,0,20.71,US,2025-04-12
101,eyl,7.9803,49.8164,83.57,72,99,11.23,SO,2025-04-12
102,aasiaat,68.7098,-52.8699,17.56,87,100,0.63,GL,2025-04-12
103,nizhniy kuranakh,58.8353,125.4869,-3.08,96,41,3.74,RU,2025-04-13
104,broken hill,-31.95,141.4333,67.35,43,3,6.82,AU,2025-04-13
105,la'ie,21.6477,-157.9253,79.05,75,100,14.07,US,2025-04-12
106,griffith,41.5284,-87.4237,61.95,41,0,9.22,US,2025-04-12
107,huilong,31.8111,121.655,43.95,50,0,12.37,CN,2025-04-12
108,sarkand,45.41,79.9186,61.47,25,25,8.63,KZ,2025-04-12
109,ogulin,45.2661,15.2286,49.39,66,39,5.66,HR,2025-04-12
110,juan griego,11.0817,-63.9655,84.2,61,0,16.31,VE,2025-04-12
111,strelka,58.0728,93.0344,56.19,63,100,11.7,RU,2025-04-12
112,ancud,-41.8697,-73.8203,54.63,87,100,6.98,CL,2025-04-12
113,noumea,-22.2763,166.4572,79.0,99,100,12.01,NC,2025-04-13
114,hotan,37.0997,79.9269,54.16,50,0,4.25,CN,2025-04-12
115,olonkinbyen,70.9221,-8.7187,21.16,87,100,16.06,SJ,2025-04-12
116,acajutla,13.5928,-89.8275,90.45,41,100,8.1,SV,2025-04-12
117,san patricio,28.017,-97.5169,85.95,46,0,15.55,US,2025-04-12
118,san pedro pochutla,15.7333,-96.4667,92.71,32,2,9.44,MX,2025-04-12
119,galliano,29.4422,-90.2992,71.6,40,0,5.75,US,2025-04-12
120,gerash,27.6652,54.1371,78.94,19,12,3.13,IR,2025-04-12
121,fale old settlement,-9.3852,-171.2468,82.87,73,100,8.72,TK,2025-04-13
122,atafu village,-8.5421,-172.5159,81.75,77,100,10.78,TK,2025-04-13
123,hasaki,35.7333,140.8333,55.0,76,100,4.29,JP,2025-04-13
124,banda aceh,5.5577,95.3222,81.45,80,73,4.0,ID,2025-04-12
125,kotel'nikovo,47.6317,43.1461,43.99,87,100,4.16,RU,2025-04-12
126,palmas,-10.2128,-48.3603,85.87,66,20,3.44,BR,2025-04-12
127,magadan,59.5667,150.8,26.04,97,99,2.35,RU,2025-04-13
128,navolato,24.7672,-107.6944,94.55,21,0,14.16,MX,2025-04-12
129,popondetta,-8.7537,148.2534,73.49,96,98,2.66,PG,2025-04-13
130,ghat,24.9647,10.1728,80.17,13,0,4.09,LY,2025-04-12
131,urengoy,65.9667,78.3667,19.0,94,63,8.41,RU,2025-04-12
132,puerto asis,0.5133,-76.5007,85.21,75,38,4.09,CO,2025-04-12
133,east london,-33.0153,27.9116,69.46,75,100,9.95,ZA,2025-04-12
134,adolfo lopez mateos,28.4667,-107.3,78.49,5,0,5.08,MX,2025-04-12
135,tura,25.5198,90.2201,70.23,85,56,4.12,IN,2025-04-12
136,island harbour,50.724,-1.2758,55.74,79,100,4.0,GB,2025-04-12
137,chonchi,-42.6128,-73.8092,55.11,81,100,1.7,CL,2025-04-12
138,mandalgovi,45.7625,106.2708,37.45,63,100,20.33,MN,2025-04-12
139,college,64.8569,-147.8028,36.09,65,20,1.01,US,2025-04-12
140,farrokh shahr,32.2717,50.9801,49.26,71,40,4.61,IR,2025-04-12
141,maraba,-5.3686,-49.1178,89.78,62,40,2.3,BR,2025-04-12
142,labrador city,52.9463,-66.9114,40.91,24,20,9.22,CA,2025-04-12
143,bathurst,-33.4166,149.5806,52.05,94,0,3.0,AU,2025-04-13
144,peskovka,59.0448,52.3606,30.42,97,94,9.19,RU,2025-04-12
145,narayanpet,16.7333,77.5,87.4,18,88,4.52,IN,2025-04-12
146,sabzevar,36.2126,57.6819,69.98,44,90,5.46,IR,2025-04-12
147,al wafrah,28.6392,47.9306,75.09,22,0,16.71,KW,2025-04-12
148,makinsk,52.6292,70.4169,42.33,78,97,7.11,KZ,2025-04-12
149,safford,32.834,-109.7076,89.74,6,0,5.75,US,2025-04-12
150,swakopmund,-22.6833,14.5333,63.12,81,0,6.64,NA,2025-04-12
151,kharp,66.8014,65.8081,17.28,95,99,7.99,RU,2025-04-12
152,crucecita,-28.95,-58.9833,81.59,42,5,10.54,AR,2025-04-12
153,mount gambier,-37.8333,140.7667,67.77,36,2,8.77,AU,2025-04-13
154,terrace,54.5163,-128.6035,46.31,57,75,12.66,CA,2025-04-12
155,sao gabriel da cachoeira,-0.1303,-67.0892,85.8,70,40,5.75,BR,2025-04-12
156,talnakh,69.4865,88.3972,13.66,96,100,6.06,RU,2025-04-12
157,tarnogskiy gorodok,60.4997,43.5761,25.34,80,100,3.58,RU,2025-04-12
158,choyr,46.3611,108.3611,31.21,80,9,13.42,MN,2025-04-12
159,tiksi,71.6872,128.8694,6.01,96,100,3.67,RU,2025-04-13
160,alice springs,-23.7,133.8833,58.55,82,0,3.44,AU,2025-04-13
161,cannonvale,-20.2833,148.7,76.39,82,19,20.42,AU,2025-04-13
162,yei,4.095,30.6779,69.19,90,100,3.33,SS,2025-04-12
163,cole harbour,44.6724,-63.4751,40.96,49,100,14.97,CA,2025-04-12
164,minas de marcona,-15.2119,-75.1103,71.06,54,29,20.24,PE,2025-04-12
165,omutinskiy,56.4745,67.6709,35.26,82,33,5.86,RU,2025-04-12
166,saint-leu,-21.15,55.2833,77.86,82,41,3.27,RE,2025-04-12
167,vallegrande,-18.4897,-64.1069,64.38,80,90,6.33,BO,2025-04-12
168,bima,-8.4667,118.7167,74.59,95,100,3.24,ID,2025-04-12
169,el galpon,-25.3807,-64.6526,71.31,72,99,9.01,AR,2025-04-12
170,barah,13.7,30.3667,76.28,10,79,11.07,SD,2025-04-12
171,queenstown,-31.8976,26.8753,58.53,66,100,4.05,ZA,2025-04-12
172,sitka,57.0531,-135.33,42.69,75,100,4.59,US,2025-04-12
173,tena,-0.9833,-77.8167,77.83,89,84,1.5,EC,2025-04-12
174,mahebourg,-20.4081,57.7,82.69,83,40,10.36,MU,2025-04-12
175,papatowai,-46.5619,169.4708,50.74,89,100,4.94,NZ,2025-04-13
176,esquina,-30.0144,-59.5272,76.51,60,98,3.94,AR,2025-04-12
177,utrik,11.2278,169.8474,80.28,80,10,20.58,MH,2025-04-13
178,viiala,61.2102,23.7674,35.2,75,11,6.44,FI,2025-04-12
179,bria,6.5423,21.9863,76.01,72,66,4.59,CF,2025-04-12
180,wenshui,28.4506,106.5267,48.33,69,100,0.72,CN,2025-04-12
181,petropavlovsk-kamchatsky,53.0452,158.6483,32.59,69,20,6.71,RU,2025-04-13
182,naryshkino,52.9678,35.7268,37.18,79,100,7.25,RU,2025-04-12
183,sortavala,61.7053,30.6918,35.01,82,18,10.18,RU,2025-04-12
184,trapani,37.8333,12.6667,60.35,77,20,10.36,IT,2025-04-12
185,kingston,17.997,-76.7936,83.35,74,40,8.05,JM,2025-04-12
186,acarau,-2.8856,-40.12,81.19,79,62,8.46,BR,2025-04-12
187,san antonio de pale,-1.4014,5.6325,82.0,75,26,13.38,GQ,2025-04-12
188,port elizabeth,-33.918,25.5701,65.32,90,0,8.99,ZA,2025-04-12
189,hanzhong,33.0728,107.0303,49.62,31,80,2.3,CN,2025-04-12
190,penzance,50.1186,-5.5371,52.75,88,83,17.07,GB,2025-04-12
191,ust-nera,64.5667,143.2,22.19,95,100,4.09,RU,2025-04-13
192,lihue,21.9789,-159.3672,78.39,73,40,10.36,US,2025-04-12
193,kodiak,57.79,-152.4072,35.11,93,100,34.52,US,2025-04-12
194,westport,41.1415,-73.3579,41.27,86,100,17.27,US,2025-04-12
195,plouzane,48.3833,-4.6167,53.89,84,75,11.5,FR,2025-04-12
196,selfoss,63.9331,-20.9971,40.03,54,100,18.95,IS,2025-04-12
197,bakani,24.2833,76.2333,85.59,27,64,5.12,IN,2025-04-12
198,rongelap,11.1635,166.8941,80.87,78,80,20.58,MH,2025-04-13
199,kapuskasing,49.4169,-82.4331,53.69,30,20,9.22,CA,2025-04-12
200,mitu,1.1983,-70.1733,82.78,72,100,5.21,CO,2025-04-12
201,amga,60.8953,131.9608,-1.73,100,91,0.85,RU,2025-04-13
202,sao vicente,-23.9631,-46.3919,80.89,54,20,7.0,BR,2025-04-12
203,maloye ganyushkino,46.6,49.2667,48.43,48,100,10.18,KZ,2025-04-12
204,kapa'a,22.0752,-159.319,79.12,84,40,10.36,US,2025-04-12
205,nagqu,31.5,92.0,22.6,90,100,3.11,CN,2025-04-12
206,masterton,-40.9597,175.6575,54.39,84,82,1.5,NZ,2025-04-13
207,palikir - national government center,6.9248,158.1611,81.34,83,75,6.91,FM,2025-04-13
208,codrington,-38.2667,141.9667,70.29,37,7,16.42,AU,2025-04-13
209,korocha,50.8107,37.1953,41.34,67,21,5.19,RU,2025-04-12
210,geraldton,-28.7667,114.6,68.41,94,23,3.44,AU,2025-04-12
211,bangar,16.8936,120.4243,79.74,79,100,5.53,PH,2025-04-12
212,lensk,60.7253,114.9278,25.75,96,100,5.97,RU,2025-04-13
213,vila franca do campo,37.7167,-25.4333,59.41,81,80,7.7,PT,2025-04-12
214,yreka,41.7354,-122.6345,53.78,47,0,11.5,US,2025-04-12
215,nizhneudinsk,54.9076,99.0276,44.47,77,100,5.61,RU,2025-04-12
216,udachny,66.4167,112.4,21.07,95,100,11.18,RU,2025-04-13
217,nar'yan-mar,67.6713,53.087,3.02,96,100,4.0,RU,2025-04-12
218,bukama,-9.2,25.85,68.85,95,39,0.76,CD,2025-04-12
219,bredasdorp,-34.5322,20.0403,63.57,65,100,5.48,ZA,2025-04-12
220,xiongzhou,25.1167,114.3,54.54,81,61,1.34,CN,2025-04-12
221,ta`u,-14.2336,-169.5144,83.64,71,19,21.7,AS,2025-04-12
222,pathein,16.7833,94.7333,78.44,82,100,3.49,MM,2025-04-12
223,katsina-ala,7.1667,9.2833,91.85,32,15,2.73,NG,2025-04-12
224,gizo,-8.103,156.8419,82.96,77,100,4.61,SB,2025-04-13
225,georgetown,5.4112,100.3354,80.55,84,20,5.01,MY,2025-04-12
226,douz,33.4663,9.0203,82.15,17,30,1.74,TN,2025-04-12
227,koscierzyna,54.1223,17.9812,45.73,89,30,5.32,PL,2025-04-12
228,shalqar,47.8333,59.6,46.27,63,97,10.65,KZ,2025-04-12
229,tromso,69.6496,18.957,28.42,64,75,4.61,NO,2025-04-12
230,cambria,35.5641,-121.0808,73.24,63,0,15.32,US,2025-04-12
231,magole,-6.3667,37.3667,70.88,94,36,1.59,TZ,2025-04-12
232,palmer,42.1584,-72.3287,38.52,81,100,1.99,US,2025-04-12
233,pakenham,-38.0667,145.4833,68.76,54,100,5.44,AU,2025-04-13
234,carnarvon,-24.8667,113.6333,75.79,79,3,14.14,AU,2025-04-12
235,churachandpur,24.3333,93.6667,65.19,81,13,1.19,IN,2025-04-12
236,pitimbu,-7.4706,-34.8086,84.67,73,65,7.52,BR,2025-04-12
237,"laikit, laikit ii (dimembe)",1.4792,124.9735,72.45,94,20,3.44,ID,2025-04-12
238,kisangani,0.5167,25.2,70.86,99,97,2.26,CD,2025-04-12
239,yunyang,33.4474,112.7142,42.53,32,11,5.41,CN,2025-04-12
240,yabassi,4.457,9.9682,78.73,91,11,1.36,CM,2025-04-12
241,ribeira brava,32.65,-17.0667,65.03,91,30,7.31,PT,2025-04-12
242,haiku-pauwela,20.9219,-156.3051,79.25,70,20,21.99,US,2025-04-12
243,takoradi,4.8845,-1.7554,81.77,81,90,6.62,GH,2025-04-12
244,huarmey,-10.0681,-78.1522,75.51,71,96,10.83,PE,2025-04-12
245,ebaye,8.7748,167.7392,80.62,78,40,11.5,MH,2025-04-13
246,coron,11.9986,120.2043,80.71,83,100,7.99,PH,2025-04-12
247,devils lake,48.1128,-98.8651,65.95,35,0,12.66,US,2025-04-12
248,vernon,50.2581,-119.2691,52.75,44,100,7.0,CA,2025-04-12
249,kloulklubed,7.0419,134.2556,82.45,78,100,13.51,PW,2025-04-13
250,thunder bay,48.4001,-89.3168,48.11,53,100,13.8,CA,2025-04-12
251,ivdel',60.6911,60.4206,35.33,86,100,10.07,RU,2025-04-12
252,gadzhiyevo,69.2551,33.3362,9.88,96,24,4.36,RU,2025-04-12
253,crane,31.3974,-102.3501,93.63,9,0,17.36,US,2025-04-12
254,brookings,44.3114,-96.7984,73.06,35,0,14.97,US,2025-04-12
255,poronaysk,49.2167,143.1167,31.75,95,0,4.85,RU,2025-04-13
256,taunggyi,20.7833,97.0333,65.98,79,100,0.43,MM,2025-04-12
257,mejit,10.2753,170.8646,80.38,80,42,22.15,MH,2025-04-13
258,coquimbo,-29.9533,-71.3436,65.93,58,0,14.97,CL,2025-04-12
259,chui,-33.6971,-53.4616,71.13,91,35,10.71,UY,2025-04-12
260,iskateley,67.6803,53.1512,3.02,96,100,3.87,RU,2025-04-12
261,baissa,7.2333,10.6333,84.38,37,9,1.9,NG,2025-04-12
262,fort bragg,35.139,-79.006,61.83,53,100,11.5,US,2025-04-12
263,mahibadhoo,3.7833,72.9667,82.99,76,99,9.22,MV,2025-04-12
264,east naples,26.1384,-81.7665,76.01,39,0,19.57,US,2025-04-12
265,orting,47.0979,-122.2043,54.52,61,75,0.0,US,2025-04-12
266,nouadhibou,20.931,-17.0347,71.58,68,20,16.11,MR,2025-04-12
267,colonia,50.9333,6.95,65.05,38,0,5.75,DE,2025-04-12
268,tahta,26.7693,31.5021,70.27,31,0,3.69,EG,2025-04-12
269,la libertad,-2.2333,-80.9,83.86,74,20,8.05,EC,2025-04-12
270,pingliang,35.5392,106.6861,42.03,23,2,7.36,CN,2025-04-12
271,valdivia,-39.8142,-73.2459,59.09,69,100,3.15,CL,2025-04-12
272,vanimo,-2.6741,141.3028,77.41,92,100,4.43,PG,2025-04-13
273,flying fish cove,-10.4217,105.6791,80.28,89,75,10.36,CX,2025-04-12
274,kyren,51.6828,102.1408,41.81,82,96,2.33,RU,2025-04-12
275,shaowu,27.3409,117.4831,47.77,66,34,3.62,CN,2025-04-12
276,northam,51.0333,-4.2167,47.01,94,63,7.45,GB,2025-04-12
277,mocimboa,-11.3167,40.35,75.9,91,90,6.62,MZ,2025-04-12
278,pestretsy,55.7531,49.6545,33.94,72,24,11.07,RU,2025-04-12
279,macapa,0.0389,-51.0664,85.98,74,40,9.22,BR,2025-04-12
280,port blair,11.6667,92.75,78.84,94,40,2.3,IN,2025-04-12
281,hithadhoo,-0.6,73.0833,83.3,74,100,4.34,MV,2025-04-12
282,korla,41.7597,86.1469,61.38,14,100,8.34,CN,2025-04-12
283,susuman,62.7833,148.1667,26.85,90,100,3.87,RU,2025-04-13
284,san luis de la loma,17.2706,-100.8939,87.12,41,0,8.63,MX,2025-04-12
285,mount isa,-20.7333,139.5,73.17,60,0,5.75,AU,2025-04-13
286,motueka,-41.1333,173.0167,54.1,86,9,4.54,NZ,2025-04-13
287,lucheng,31.2336,117.2806,45.18,43,3,8.63,CN,2025-04-12
288,prien am chiemsee,47.8667,12.3333,55.53,66,49,3.22,DE,2025-04-12
289,barcelos,41.5388,-8.6151,56.86,95,100,4.63,PT,2025-04-12
290,nuevo ideal,24.8875,-105.0728,80.19,7,0,7.94,MX,2025-04-12
291,malanje,-9.5402,16.341,67.12,95,82,2.26,AO,2025-04-12
292,yanbu,24.0891,38.0637,71.64,49,0,13.8,SA,2025-04-12
293,onega,63.9061,38.1404,22.77,94,100,8.08,RU,2025-04-12
294,pokachi,61.7198,75.3683,25.18,98,85,5.03,RU,2025-04-12
295,prince rupert,54.3161,-130.3201,46.49,62,100,25.32,CA,2025-04-12
296,weno,7.4515,151.8468,82.35,89,75,6.91,FM,2025-04-13
297,high river,50.5834,-113.8687,49.3,40,100,7.2,CA,2025-04-12
298,bentiu,9.2333,29.8333,87.44,34,100,3.2,SS,2025-04-12
299,sikonge,-5.6333,32.7667,65.07,93,100,3.74,TZ,2025-04-12
300,mumbwa,-14.9783,27.0619,65.61,87,100,6.69,ZM,2025-04-12
301,hastings,50.8552,0.5729,57.99,85,100,7.05,GB,2025-04-12
302,playas,-2.6333,-80.3833,79.9,80,65,7.45,EC,2025-04-12
303,qaqortoq,60.7167,-46.0333,26.83,71,99,2.13,GL,2025-04-12
304,nema,57.5067,50.5011,31.86,88,23,11.03,RU,2025-04-12
305,hadibu,12.65,54.0333,82.47,74,53,6.98,YE,2025-04-12
306,alotau,-10.3069,150.4462,76.15,94,83,3.94,PG,2025-04-13
307,kilindoni,-7.9139,39.6668,82.49,78,21,13.2,TZ,2025-04-12
308,saint-philippe,-21.3585,55.7679,79.81,85,75,11.3,RE,2025-04-12
309,mpika,-11.8343,31.4529,61.99,98,58,7.09,ZM,2025-04-12
310,el calafate,-50.3408,-72.2768,43.83,85,100,10.33,AR,2025-04-12
311,kone,-21.0595,164.8658,76.12,93,98,3.29,NC,2025-04-13
312,dzuunharaa,48.8523,106.4579,35.28,68,100,0.92,MN,2025-04-13
313,caraballeda,10.6112,-66.8522,97.38,46,39,12.66,VE,2025-04-12
314,outjo,-20.1167,16.15,71.33,35,0,8.21,NA,2025-04-12
315,portland,45.5234,-122.6762,54.66,66,100,5.01,US,2025-04-12
316,saacow,1.6279,42.4407,81.43,75,100,12.53,SO,2025-04-12
317,bodaybo,57.8506,114.1933,26.8,96,100,3.67,RU,2025-04-13
318,taksimo,56.3444,114.8794,20.12,90,100,1.5,RU,2025-04-13
319,taroudant,30.4703,-8.877,63.21,73,71,12.48,MA,2025-04-12
320,pemangkat,1.1667,108.9667,79.47,86,100,4.14,ID,2025-04-12
321,bogota,4.6097,-74.0817,67.51,60,75,11.5,CO,2025-04-12
322,tazacorte,28.629,-17.9293,67.17,75,20,4.61,ES,2025-04-12
323,viedma,-40.8135,-62.9967,60.46,50,100,9.22,AR,2025-04-12
324,karuzi,-3.125,30.1333,58.1,95,100,0.27,BI,2025-04-12
325,nchelenge,-9.3451,28.734,70.54,82,67,5.64,ZM,2025-04-12
326,wewak,-3.5534,143.6268,78.55,85,96,4.29,PG,2025-04-13
327,bamboo flat,11.7,92.7167,78.89,94,40,2.3,IN,2025-04-12
328,enriquillo,17.9,-71.2333,82.98,67,73,8.25,DO,2025-04-12
329,constitucion,-35.3333,-72.4167,64.69,48,11,16.75,CL,2025-04-12
330,port shepstone,-30.7414,30.455,72.21,87,47,11.83,ZA,2025-04-12
331,nanao,37.05,136.9667,51.82,88,100,2.28,JP,2025-04-13
332,puerto baquerizo moreno,-0.9,-89.6,83.39,84,75,5.75,EC,2025-04-12
333,maddagiri,13.6606,77.2092,77.05,54,100,6.93,IN,2025-04-12
334,junagadh,21.5167,70.4667,78.42,80,2,6.29,IN,2025-04-12
335,uliastay,47.7417,96.8444,34.16,40,83,5.39,MN,2025-04-12
336,yanam,16.7333,82.2167,79.7,63,33,3.62,IN,2025-04-12
337,parauna,-16.9478,-50.4486,84.88,49,96,7.23,BR,2025-04-12
338,kavaratti,10.5669,72.642,83.35,71,35,8.63,IN,2025-04-12
339,benghazi,32.1167,20.0667,58.5,59,0,10.02,LY,2025-04-12
340,revda,56.801,59.9303,34.05,80,22,10.6,RU,2025-04-12
341,machico,32.7,-16.7667,65.03,79,40,9.22,PT,2025-04-12
342,kavieng,-2.5744,150.7967,81.63,79,58,5.61,PG,2025-04-13
343,shenjiamen,29.9576,122.298,50.4,48,16,19.69,CN,2025-04-13
344,port macquarie,-31.4333,152.9167,64.08,99,31,1.99,AU,2025-04-13
345,paracuru,-3.41,-39.0306,80.8,81,94,6.22,BR,2025-04-12
346,inhambane,-23.865,35.3833,72.63,83,0,5.01,MZ,2025-04-12
347,salinopolis,-0.6136,-47.3561,80.47,85,58,11.16,BR,2025-04-12
348,remire-montjoly,4.9167,-52.2667,86.04,70,0,14.97,GF,2025-04-12
349,juneau,58.3019,-134.4197,44.42,100,98,6.35,US,2025-04-12
350,catio,11.2833,-15.25,77.92,70,7,11.05,GW,2025-04-12
351,ryzdvyanyy,45.2656,41.8389,32.7,92,94,3.78,RU,2025-04-12
352,hofors,60.5457,16.2867,44.46,54,1,3.85,SE,2025-04-12
353,tonj,7.2737,28.6822,80.22,59,100,7.76,SS,2025-04-12
354,opuwo,-18.0607,13.84,74.37,38,0,5.95,NA,2025-04-12
355,mbanza-ngungu,-5.25,14.8667,71.73,83,100,1.43,CD,2025-04-12
356,arkhangel'sk,64.5401,40.5433,24.91,42,20,4.47,RU,2025-04-12
357,al fuwayliq,26.4432,43.2534,68.59,26,0,13.6,SA,2025-04-12
358,basmat,19.3167,77.1667,86.0,22,18,8.88,IN,2025-04-12
359,thap khlo,16.16,100.5966,88.86,91,99,5.03,TH,2025-04-12
360,aykhal,66.0,111.5,19.22,96,100,5.19,RU,2025-04-13
361,faya-largeau,17.9257,19.1043,77.07,7,0,15.73,TD,2025-04-12
362,paramonga,-10.6667,-77.8333,74.01,72,83,9.62,PE,2025-04-12
363,andergrove,-21.0833,149.1833,75.67,81,6,20.27,AU,2025-04-13
364,piracuruca,-3.9281,-41.7092,80.02,90,86,5.23,BR,2025-04-12
365,boa vista,2.8197,-60.6733,89.58,55,40,10.36,BR,2025-04-12
366,holualoa,19.6228,-155.9522,75.83,73,82,1.99,US,2025-04-12
367,taulaga,-11.0553,-171.0883,83.25,74,88,15.99,AS,2025-04-12
368,yozgat,39.5833,35.3333,34.21,68,88,8.14,TR,2025-04-12
369,smithers,54.7804,-127.1743,43.12,45,40,4.61,CA,2025-04-12
370,musaffah,24.3458,54.5024,89.69,23,0,11.5,AE,2025-04-12
371,ostrovskoye,57.8057,42.2433,28.0,96,100,4.97,RU,2025-04-12
372,zhezqazghan,47.7833,67.7667,59.04,71,100,15.26,KZ,2025-04-12
373,nili,33.7218,66.1302,61.41,24,76,2.26,AF,2025-04-12
374,byron bay,-28.65,153.6167,66.79,87,63,9.46,AU,2025-04-13
375,luderitz,-26.6481,15.1594,64.33,74,0,10.04,NA,2025-04-12
376,istaravshan,39.9142,69.0033,66.43,27,98,6.26,TJ,2025-04-12
377,pangody,65.85,74.4859,10.33,96,27,5.95,RU,2025-04-12
378,makushino,55.2103,67.2442,35.89,77,73,5.99,RU,2025-04-12
379,gaspe,48.8334,-64.4819,41.22,48,100,11.5,CA,2025-04-12
380,dudinka,69.4058,86.1778,1.76,100,93,4.94,RU,2025-04-12
381,sao joao da barra,-21.6403,-41.0511,77.09,73,8,11.7,BR,2025-04-12
382,sola,-13.8833,167.55,83.62,75,100,13.82,VU,2025-04-13
383,antsiranana,-12.2787,49.2917,79.66,84,79,16.49,MG,2025-04-12
384,kununurra,-15.7667,128.7333,84.18,70,100,3.44,AU,2025-04-13
385,chibougamau,49.9168,-74.3659,47.82,18,0,0.0,CA,2025-04-12
386,baki,-7.6128,110.7839,81.57,80,99,1.14,ID,2025-04-12
387,sept-iles,50.2001,-66.3821,39.2,39,20,8.05,CA,2025-04-12
388,sena madureira,-9.0656,-68.6569,83.62,86,61,3.36,BR,2025-04-12
389,cheremukhovo,60.3484,59.9851,33.6,88,100,8.95,RU,2025-04-12
390,tual,-5.6667,132.75,83.05,71,100,5.48,ID,2025-04-13
391,khovd,48.0056,91.6419,45.82,32,49,1.99,MN,2025-04-12
392,niquero,20.0431,-77.5828,84.0,58,96,10.42,CU,2025-04-12
393,katsuura,35.1333,140.3,55.11,82,100,5.06,JP,2025-04-13
394,nantucket,41.2835,-70.0995,41.14,98,100,26.44,US,2025-04-12
395,bulnes,-36.7423,-72.2985,66.96,28,94,12.01,CL,2025-04-12
396,obo,5.3998,26.4869,71.15,92,88,4.23,CF,2025-04-12
397,zabaykal'sk,49.6333,117.3167,25.11,38,9,9.28,RU,2025-04-13
398,bojnurd,37.4747,57.329,64.35,52,75,4.61,IR,2025-04-12
399,callao,-12.0667,-77.15,75.49,64,0,8.05,PE,2025-04-12
400,sao luis de montes belos,-16.525,-50.3722,82.89,57,100,5.75,BR,2025-04-12
401,myitkyina,25.3833,97.4,74.77,66,88,2.75,MM,2025-04-12
402,kimbe,-5.5502,150.1429,75.94,91,100,2.91,PG,2025-04-13
403,turgenevo,54.8455,46.3297,36.21,80,100,6.89,RU,2025-04-12
404,mahikeng,-25.8652,25.6442,68.36,45,67,1.7,ZA,2025-04-12
405,kourou,5.1552,-52.6478,82.22,72,99,7.67,GF,2025-04-12
406,leninskoye,41.7589,69.3864,62.11,51,78,5.35,KZ,2025-04-12
407,lamar,33.6668,-95.5836,76.91,41,0,12.66,US,2025-04-12
408,mata-utu,-13.2816,-176.1745,83.53,77,100,22.48,WF,2025-04-13
409,walvis bay,-22.9575,14.5053,65.77,68,0,11.61,NA,2025-04-12
410,margate,51.3813,1.3862,58.69,76,100,10.58,GB,2025-04-12
411,pindushi,62.9152,34.58,23.38,99,93,1.43,RU,2025-04-12
412,guerrero negro,27.9769,-114.0611,71.19,53,6,16.26,MX,2025-04-12
413,zaysan,47.4667,84.8667,56.91,22,0,5.64,KZ,2025-04-12
414,plastun,44.7561,136.2939,41.2,88,100,9.19,RU,2025-04-13
415,pochinok,54.4068,32.4407,33.24,83,100,10.42,RU,2025-04-12
416,chadron,42.8294,-102.9999,72.97,28,99,5.99,US,2025-04-12
417,moose jaw,50.4001,-105.5344,61.05,18,100,6.91,CA,2025-04-12
418,tolanaro,-25.0319,46.9987,77.09,90,53,10.42,MG,2025-04-12
419,formosa do rio preto,-11.0483,-45.1931,79.21,79,52,5.35,BR,2025-04-12
420,gebeit,21.0667,36.3167,64.49,43,0,5.3,SD,2025-04-12
421,amahai,-3.3333,128.9167,80.73,88,100,4.7,ID,2025-04-13
422,baruun-urt,46.6806,113.2792,27.28,43,59,13.29,MN,2025-04-13
423,suyo,16.9762,120.5254,76.28,81,100,3.22,PH,2025-04-13
424,yomju-up,39.8933,124.5981,37.71,90,100,2.06,KP,2025-04-13
425,along,28.1667,94.7667,59.58,92,1,1.05,IN,2025-04-12
426,qulsary,46.9531,54.0198,49.14,56,100,9.42,KZ,2025-04-12
427,choibalsan,48.0667,114.5,24.03,66,59,12.06,MN,2025-04-13
428,lingcheng,22.7072,110.3492,65.21,41,100,6.93,CN,2025-04-13
429,elista,46.3078,44.2558,43.32,87,100,4.47,RU,2025-04-12
430,mahina,-17.5065,-149.489,85.77,70,75,4.61,PF,2025-04-12
431,arraial do cabo,-22.9661,-42.0278,80.56,73,20,13.8,BR,2025-04-12
432,dej,47.15,23.8667,45.32,76,80,2.3,RO,2025-04-12
433,bathsheba,13.2167,-59.5167,81.21,83,75,13.8,BB,2025-04-12
434,yulinshi,38.2906,109.7494,42.6,27,100,18.52,CN,2025-04-13
435,tommot,58.9564,126.2925,-4.22,98,41,2.37,RU,2025-04-13
436,rodolfo sanchez taboada,31.7167,-116.5667,65.1,100,63,4.0,MX,2025-04-12
437,tsengel,49.4783,100.8894,39.07,54,58,7.16,MN,2025-04-13
438,san pablo villa de mitla,16.9167,-96.4,79.47,8,0,10.38,MX,2025-04-12
439,plettenberg bay,-34.0527,23.3716,64.49,84,94,5.55,ZA,2025-04-12
440,luckeesarai,25.1833,86.0833,84.34,52,5,8.16,IN,2025-04-12
441,aneho,6.2333,1.6,83.62,76,85,10.04,TG,2025-04-12
442,sisimiut,66.9395,-53.6735,22.41,74,68,1.5,GL,2025-04-12
443,san rafael,-34.6177,-68.3301,67.44,23,0,6.26,AR,2025-04-12
444,mossel bay,-34.1831,22.146,63.01,85,100,2.26,ZA,2025-04-12
445,seydisehir,37.4193,31.8453,39.18,75,100,3.65,TR,2025-04-12
446,tocopilla,-22.092,-70.1979,70.18,74,21,10.45,CL,2025-04-12
447,hirara,24.8,125.2833,62.87,88,100,34.52,JP,2025-04-13
448,nova vicosa,-17.8919,-39.3719,78.91,76,2,10.36,BR,2025-04-12
449,ulladulla,-35.35,150.4667,59.61,90,0,4.34,AU,2025-04-13
450,grand falls-windsor,48.9332,-55.6649,46.08,49,47,6.76,CA,2025-04-12
451,bonthe,7.5264,-12.505,80.56,78,91,7.18,SL,2025-04-12
452,egilsstadir,65.2653,-14.3948,39.11,70,75,18.41,IS,2025-04-12
453,vredendal,-31.6683,18.5012,64.49,82,89,5.53,ZA,2025-04-12
454,ontario,34.0633,-117.6509,80.47,44,75,10.36,US,2025-04-12
455,birao,10.2849,22.7882,82.58,14,100,5.73,CF,2025-04-12
456,zaragoza,41.6561,-0.8773,63.01,75,40,3.44,ES,2025-04-12
457,zhaotong,27.3167,103.7167,40.42,86,95,2.93,CN,2025-04-13
458,alfenas,-21.4292,-45.9472,76.71,60,55,3.4,BR,2025-04-12
459,cidade velha,14.9167,-23.6167,72.07,73,75,17.27,CV,2025-04-12
460,vylkove,45.4021,29.586,43.05,64,8,4.09,UA,2025-04-12
461,dapchi,12.4904,11.4944,82.6,9,42,9.84,NG,2025-04-12
462,timimoun,29.2639,0.231,86.38,26,40,29.93,DZ,2025-04-12
463,beledweyne,4.7358,45.2036,84.56,63,85,13.4,SO,2025-04-12
464,yuzhno-kurilsk,44.0306,145.8556,36.14,98,100,11.52,RU,2025-04-13
465,astara,38.5,48.6667,55.38,79,29,2.1,AZ,2025-04-12
466,al hazm,16.1641,44.7769,79.25,50,17,10.42,YE,2025-04-12
467,st. paul,44.9444,-93.0933,68.59,40,0,17.27,US,2025-04-12
468,mbanza kongo,-6.267,14.2401,71.44,91,100,0.74,AO,2025-04-12
469,boden,65.8252,21.6886,29.75,85,31,3.74,SE,2025-04-12
470,meadow lake,34.8014,-106.5436,85.89,5,0,11.48,US,2025-04-12
471,kailua-kona,19.6406,-155.9956,80.91,70,87,1.99,US,2025-04-12
472,las lomitas,-24.7096,-60.593,68.67,95,100,9.13,AR,2025-04-12
473,ban huai thalaeng,14.9833,102.65,83.97,64,95,3.65,TH,2025-04-12
474,zvolen,48.5744,19.1532,48.31,74,89,3.58,SK,2025-04-12
475,hopelchen,19.7667,-89.85,90.55,18,0,5.01,MX,2025-04-12
476,hampton bays,40.869,-72.5176,41.86,93,100,20.0,US,2025-04-12
477,talara,-4.5772,-81.2719,84.96,51,0,12.66,PE,2025-04-12
478,puerto santa,-8.9906,-78.6456,72.54,76,79,10.0,PE,2025-04-12
479,ciudad melchor muzquiz,27.8833,-101.5167,93.0,13,0,13.24,MX,2025-04-12
480,sudak,44.85,34.9667,36.34,80,98,10.6,UA,2025-04-12
481,sumbawa besar,-8.5,117.4333,72.09,97,100,4.23,ID,2025-04-13
482,mokolo,10.7398,13.8019,81.9,14,89,6.8,CM,2025-04-12
483,anaconda,46.1285,-112.9423,44.56,76,99,3.0,US,2025-04-12
484,happy valley-goose bay,53.3168,-60.3315,46.71,29,20,10.36,CA,2025-04-12
485,linfen,36.0889,111.5189,43.77,20,5,10.25,CN,2025-04-13
486,kletskaya,49.3145,43.0584,47.26,48,96,5.64,RU,2025-04-12
487,riscani,47.9572,27.5539,42.87,79,98,3.09,MD,2025-04-12
488,warrenton,-28.114,24.8475,70.5,44,83,6.06,ZA,2025-04-12
489,pedernales,18.0384,-71.744,83.73,71,41,8.93,DO,2025-04-12
490,tomatlan,19.9333,-105.25,87.94,32,2,9.44,MX,2025-04-12
491,suleja,9.1758,7.1808,87.82,17,52,2.3,NG,2025-04-12
492,enewetak,11.3474,162.3373,81.18,80,15,20.4,MH,2025-04-13
493,kaihua,23.3687,104.28,46.89,75,100,7.63,CN,2025-04-13
494,mermoz boabab,14.7065,-17.4758,69.58,83,0,11.5,SN,2025-04-12
495,touros,-5.1989,-35.4608,84.2,74,99,7.65,BR,2025-04-12
496,bardai,11.65,7.2333,80.85,11,27,8.39,NG,2025-04-12
497,howard springs,-12.497,131.047,78.71,100,99,4.68,AU,2025-04-13
498,veraval,20.9,70.3667,77.94,92,6,14.0,IN,2025-04-12
499,tekkali,18.6167,84.2333,84.06,54,100,3.62,IN,2025-04-12
500,victorica,-36.2151,-65.4359,66.07,31,0,15.3,AR,2025-04-12
501,buchanan,5.8808,-10.0467,80.26,83,81,5.91,LR,2025-04-12
502,bontang,0.1333,117.5,79.97,83,35,4.59,ID,2025-04-13
503,taber,49.8167,-112.1518,57.7,29,100,10.11,CA,2025-04-12
504,chelno-vershiny,54.4333,51.1,39.6,81,88,12.06,RU,2025-04-12
505,verkhnevilyuysk,63.4453,120.3167,14.97,90,100,6.06,RU,2025-04-13
506,saint-joseph,-21.3667,55.6167,77.38,84,81,10.31,RE,2025-04-12
507,topolobampo,25.6,-109.05,87.71,23,0,9.22,MX,2025-04-12
508,mana,5.6592,-53.7767,81.36,77,100,10.0,GF,2025-04-12
509,laguna,38.421,-121.4238,70.23,57,0,4.61,US,2025-04-12
510,maceio,-9.6658,-35.7353,85.44,74,75,9.22,BR,2025-04-12
511,kruisfontein,-34.0033,24.7314,63.37,79,63,6.55,ZA,2025-04-12
512,sao jose da coroa grande,-8.8978,-35.1478,82.76,76,95,9.17,BR,2025-04-12
513,mullovka,54.2,49.4,38.75,85,61,9.53,RU,2025-04-12
514,strezhevoy,60.7333,77.5889,19.81,98,37,2.64,RU,2025-04-12
515,knyaze-volkonskoye,48.4642,135.4567,43.14,58,100,7.0,RU,2025-04-13
516,pacific grove,36.6177,-121.9166,59.36,77,40,11.5,US,2025-04-12
517,trincomalee,8.5711,81.2335,81.25,81,26,12.06,LK,2025-04-12
518,bozoum,6.3193,16.3799,79.32,41,77,5.26,CF,2025-04-12
519,waingapu,-9.6567,120.2641,77.32,79,17,5.93,ID,2025-04-13
520,concepcion,-36.827,-73.0498,64.2,45,0,13.8,CL,2025-04-12
521,severo-yeniseyskiy,60.3725,93.0408,44.47,94,100,13.96,RU,2025-04-12
522,mao,39.8885,4.2658,61.36,94,20,3.44,ES,2025-04-12
523,nemuro,43.3236,145.575,36.59,98,100,12.39,JP,2025-04-13
524,altai,46.3722,96.2583,38.25,30,4,3.96,MN,2025-04-12
525,muynoq,43.7683,59.0214,53.89,73,100,7.92,UZ,2025-04-12
526,pavlodar,52.3,76.95,57.78,70,100,14.27,KZ,2025-04-12
527,murghob,38.1702,73.9667,16.95,85,91,5.17,TJ,2025-04-12
528,kalat,29.0225,66.5916,66.34,15,0,5.93,PK,2025-04-12
529,mil'kovo,55.6078,37.7956,36.91,53,100,11.54,RU,2025-04-12
530,brokopondo,4.75,-55.1667,83.12,71,100,8.93,SR,2025-04-12
531,karakol,42.4907,78.3936,45.81,46,18,6.53,KG,2025-04-12
532,the pas,53.8251,-101.2541,44.62,70,75,10.36,CA,2025-04-12
533,mando,10.7167,6.5667,86.92,9,74,8.75,NG,2025-04-12
534,port douglas,-16.4833,145.4667,76.48,90,77,12.15,AU,2025-04-13
535,capao da canoa,-29.7456,-50.0097,79.0,79,100,17.85,BR,2025-04-12
536,vodnyy,63.5046,53.4095,21.79,90,100,16.49,RU,2025-04-12
537,manicore,-5.8092,-61.3003,75.02,98,100,3.65,BR,2025-04-12
538,vorkuta,67.5,64.0,11.71,90,100,12.88,RU,2025-04-12
539,oranjemund,-28.55,16.4333,62.82,82,6,5.68,NA,2025-04-12
540,praia da vitoria,38.7333,-27.0667,61.05,72,40,8.08,PT,2025-04-12
541,ingeniero jacobacci,-41.3427,-69.5448,59.72,31,56,14.63,AR,2025-04-12
542,petrovsk-zabaykal'skiy,51.273,108.843,33.62,99,100,3.62,RU,2025-04-13
543,lagoa formosa,-18.7786,-46.4075,83.41,51,73,1.54,BR,2025-04-12
544,okha,53.5739,142.9478,29.73,97,100,13.11,RU,2025-04-13
545,zaozersk,69.4005,32.4476,7.12,94,19,4.36,RU,2025-04-12
546,windhoek,-22.5594,17.0832,66.42,57,0,1.01,NA,2025-04-12
547,cabedelo,-6.9811,-34.8339,83.07,72,56,7.63,BR,2025-04-12
548,kerikeri,-35.2268,173.9474,56.3,85,18,5.57,NZ,2025-04-13
